Officer-defined ethnicity,Age range,Object of search,Outcome,count
Asian,10-17,Anything to threaten or harm anyone,A no further action disposal,140
Asian,10-17,Anything to threaten or harm anyone,Arrest,7
Asian,10-17,Anything to threaten or harm anyone,Community resolution,1
Asian,10-17,Articles for use in criminal damage,A no further action disposal,24
Asian,10-17,Articles for use in criminal damage,Arrest,1
Asian,10-17,Articles for use in criminal damage,Community resolution,2
Asian,10-17,Controlled drugs,A no further action disposal,3147
Asian,10-17,Controlled drugs,Arrest,282
Asian,10-17,Controlled drugs,Caution (simple or conditional),9
Asian,10-17,Controlled drugs,Community resolution,97
Asian,10-17,Controlled drugs,Penalty Notice for Disorder,12
Asian,10-17,Controlled drugs,Summons / charged by post,63
Asian,10-17,Evidence of offences under the Act,A no further action disposal,209
Asian,10-17,Evidence of offences under the Act,Arrest,42
Asian,10-17,Evidence of offences under the Act,Community resolution,4
Asian,10-17,Evidence of offences under the Act,Penalty Notice for Disorder,1
Asian,10-17,Evidence of offences under the Act,Summons / charged by post,1
Asian,10-17,Firearms,A no further action disposal,16
Asian,10-17,Firearms,Arrest,8
Asian,10-17,Fireworks,A no further action disposal,68
Asian,10-17,Fireworks,Arrest,1
Asian,10-17,Fireworks,Community resolution,2
Asian,10-17,Offensive weapons,A no further action disposal,1317
Asian,10-17,Offensive weapons,Arrest,164
Asian,10-17,Offensive weapons,Community resolution,7
Asian,10-17,Offensive weapons,Penalty Notice for Disorder,4
Asian,10-17,Offensive weapons,Summons / charged by post,9
Asian,10-17,Stolen goods,A no further action disposal,496
Asian,10-17,Stolen goods,Arrest,84
Asian,10-17,Stolen goods,Community resolution,8
Asian,10-17,Stolen goods,Penalty Notice for Disorder,3
Asian,10-17,Stolen goods,Summons / charged by post,4
Asian,18-24,Anything to threaten or harm anyone,A no further action disposal,445
Asian,18-24,Anything to threaten or harm anyone,Arrest,21
Asian,18-24,Anything to threaten or harm anyone,Community resolution,19
Asian,18-24,Anything to threaten or harm anyone,Penalty Notice for Disorder,9
Asian,18-24,Anything to threaten or harm anyone,Summons / charged by post,1
Asian,18-24,Articles for use in criminal damage,A no further action disposal,26
Asian,18-24,Articles for use in criminal damage,Arrest,2
Asian,18-24,Articles for use in criminal damage,Community resolution,1
Asian,18-24,Articles for use in criminal damage,Penalty Notice for Disorder,1
Asian,18-24,Controlled drugs,A no further action disposal,14247
Asian,18-24,Controlled drugs,Arrest,1208
Asian,18-24,Controlled drugs,Caution (simple or conditional),12
Asian,18-24,Controlled drugs,Community resolution,2363
Asian,18-24,Controlled drugs,Penalty Notice for Disorder,1036
Asian,18-24,Controlled drugs,Summons / charged by post,335
Asian,18-24,Evidence of offences under the Act,A no further action disposal,308
Asian,18-24,Evidence of offences under the Act,Arrest,45
Asian,18-24,Evidence of offences under the Act,Community resolution,25
Asian,18-24,Evidence of offences under the Act,Penalty Notice for Disorder,13
Asian,18-24,Evidence of offences under the Act,Summons / charged by post,3
Asian,18-24,Firearms,A no further action disposal,81
Asian,18-24,Firearms,Arrest,8
Asian,18-24,Firearms,Community resolution,5
Asian,18-24,Firearms,Penalty Notice for Disorder,2
Asian,18-24,Fireworks,A no further action disposal,35
Asian,18-24,Fireworks,Community resolution,2
Asian,18-24,Fireworks,Penalty Notice for Disorder,3
Asian,18-24,Offensive weapons,A no further action disposal,2270
Asian,18-24,Offensive weapons,Arrest,261
Asian,18-24,Offensive weapons,Community resolution,91
Asian,18-24,Offensive weapons,Penalty Notice for Disorder,63
Asian,18-24,Offensive weapons,Summons / charged by post,21
Asian,18-24,Stolen goods,A no further action disposal,715
Asian,18-24,Stolen goods,Arrest,132
Asian,18-24,Stolen goods,Community resolution,45
Asian,18-24,Stolen goods,Penalty Notice for Disorder,40
Asian,18-24,Stolen goods,Summons / charged by post,9
Asian,25-34,Anything to threaten or harm anyone,A no further action disposal,222
Asian,25-34,Anything to threaten or harm anyone,Arrest,10
Asian,25-34,Anything to threaten or harm anyone,Community resolution,13
Asian,25-34,Anything to threaten or harm anyone,Penalty Notice for Disorder,2
Asian,25-34,Anything to threaten or harm anyone,Summons / charged by post,1
Asian,25-34,Articles for use in criminal damage,A no further action disposal,9
Asian,25-34,Articles for use in criminal damage,Arrest,6
Asian,25-34,Controlled drugs,A no further action disposal,7472
Asian,25-34,Controlled drugs,Arrest,978
Asian,25-34,Controlled drugs,Caution (simple or conditional),9
Asian,25-34,Controlled drugs,Community resolution,1421
Asian,25-34,Controlled drugs,Penalty Notice for Disorder,615
Asian,25-34,Controlled drugs,Summons / charged by post,226
Asian,25-34,Evidence of offences under the Act,A no further action disposal,257
Asian,25-34,Evidence of offences under the Act,Arrest,41
Asian,25-34,Evidence of offences under the Act,Community resolution,13
Asian,25-34,Evidence of offences under the Act,Penalty Notice for Disorder,5
Asian,25-34,Evidence of offences under the Act,Summons / charged by post,1
Asian,25-34,Firearms,A no further action disposal,47
Asian,25-34,Firearms,Arrest,10
Asian,25-34,Firearms,Community resolution,4
Asian,25-34,Firearms,Penalty Notice for Disorder,5
Asian,25-34,Firearms,Summons / charged by post,1
Asian,25-34,Fireworks,A no further action disposal,12
Asian,25-34,Fireworks,Community resolution,2
Asian,25-34,Fireworks,Penalty Notice for Disorder,3
Asian,25-34,Offensive weapons,A no further action disposal,1033
Asian,25-34,Offensive weapons,Arrest,181
Asian,25-34,Offensive weapons,Caution (simple or conditional),1
Asian,25-34,Offensive weapons,Community resolution,27
Asian,25-34,Offensive weapons,Penalty Notice for Disorder,23
Asian,25-34,Offensive weapons,Summons / charged by post,8
Asian,25-34,Stolen goods,A no further action disposal,546
Asian,25-34,Stolen goods,Arrest,128
Asian,25-34,Stolen goods,Caution (simple or conditional),1
Asian,25-34,Stolen goods,Community resolution,34
Asian,25-34,Stolen goods,Penalty Notice for Disorder,18
Asian,25-34,Stolen goods,Summons / charged by post,13
Asian,over 34,Anything to threaten or harm anyone,A no further action disposal,75
Asian,over 34,Anything to threaten or harm anyone,Arrest,6
Asian,over 34,Anything to threaten or harm anyone,Community resolution,1
Asian,over 34,Anything to threaten or harm anyone,Penalty Notice for Disorder,2
Asian,over 34,Articles for use in criminal damage,A no further action disposal,14
Asian,over 34,Articles for use in criminal damage,Arrest,7
Asian,over 34,Controlled drugs,A no further action disposal,3401
Asian,over 34,Controlled drugs,Arrest,592
Asian,over 34,Controlled drugs,Caution (simple or conditional),7
Asian,over 34,Controlled drugs,Community resolution,370
Asian,over 34,Controlled drugs,Penalty Notice for Disorder,132
Asian,over 34,Controlled drugs,Summons / charged by post,80
Asian,over 34,Evidence of offences under the Act,A no further action disposal,279
Asian,over 34,Evidence of offences under the Act,Arrest,67
Asian,over 34,Evidence of offences under the Act,Community resolution,9
Asian,over 34,Evidence of offences under the Act,Penalty Notice for Disorder,3
Asian,over 34,Evidence of offences under the Act,Summons / charged by post,3
Asian,over 34,Firearms,A no further action disposal,22
Asian,over 34,Firearms,Arrest,9
Asian,over 34,Firearms,Community resolution,1
Asian,over 34,Firearms,Penalty Notice for Disorder,1
Asian,over 34,Fireworks,A no further action disposal,2
Asian,over 34,Fireworks,Penalty Notice for Disorder,1
Asian,over 34,Offensive weapons,A no further action disposal,387
Asian,over 34,Offensive weapons,Arrest,148
Asian,over 34,Offensive weapons,Community resolution,16
Asian,over 34,Offensive weapons,Penalty Notice for Disorder,4
Asian,over 34,Offensive weapons,Summons / charged by post,3
Asian,over 34,Stolen goods,A no further action disposal,520
Asian,over 34,Stolen goods,Arrest,145
Asian,over 34,Stolen goods,Community resolution,39
Asian,over 34,Stolen goods,Penalty Notice for Disorder,12
Asian,over 34,Stolen goods,Summons / charged by post,7
Asian,under 10,Controlled drugs,A no further action disposal,9
Asian,under 10,Controlled drugs,Penalty Notice for Disorder,1
Asian,under 10,Controlled drugs,Summons / charged by post,1
Asian,under 10,Fireworks,Penalty Notice for Disorder,1
Asian,under 10,Offensive weapons,A no further action disposal,3
Black,10-17,Anything to threaten or harm anyone,A no further action disposal,563
Black,10-17,Anything to threaten or harm anyone,Arrest,40
Black,10-17,Anything to threaten or harm anyone,Community resolution,4
Black,10-17,Anything to threaten or harm anyone,Summons / charged by post,5
Black,10-17,Articles for use in criminal damage,A no further action disposal,71
Black,10-17,Articles for use in criminal damage,Arrest,11
Black,10-17,Articles for use in criminal damage,Community resolution,3
Black,10-17,Controlled drugs,A no further action disposal,7042
Black,10-17,Controlled drugs,Arrest,944
Black,10-17,Controlled drugs,Caution (simple or conditional),29
Black,10-17,Controlled drugs,Community resolution,220
Black,10-17,Controlled drugs,Penalty Notice for Disorder,21
Black,10-17,Controlled drugs,Summons / charged by post,157
Black,10-17,Evidence of offences under the Act,A no further action disposal,721
Black,10-17,Evidence of offences under the Act,Arrest,128
Black,10-17,Evidence of offences under the Act,Caution (simple or conditional),1
Black,10-17,Evidence of offences under the Act,Community resolution,2
Black,10-17,Evidence of offences under the Act,Penalty Notice for Disorder,2
Black,10-17,Evidence of offences under the Act,Summons / charged by post,8
Black,10-17,Firearms,A no further action disposal,83
Black,10-17,Firearms,Arrest,16
Black,10-17,Fireworks,A no further action disposal,365
Black,10-17,Fireworks,Arrest,18
Black,10-17,Fireworks,Community resolution,12
Black,10-17,Fireworks,Penalty Notice for Disorder,3
Black,10-17,Fireworks,Summons / charged by post,1
Black,10-17,Offensive weapons,A no further action disposal,6858
Black,10-17,Offensive weapons,Arrest,966
Black,10-17,Offensive weapons,Caution (simple or conditional),1
Black,10-17,Offensive weapons,Community resolution,42
Black,10-17,Offensive weapons,Penalty Notice for Disorder,11
Black,10-17,Offensive weapons,Summons / charged by post,38
Black,10-17,Stolen goods,A no further action disposal,2464
Black,10-17,Stolen goods,Arrest,589
Black,10-17,Stolen goods,Caution (simple or conditional),3
Black,10-17,Stolen goods,Community resolution,45
Black,10-17,Stolen goods,Penalty Notice for Disorder,10
Black,10-17,Stolen goods,Summons / charged by post,25
Black,18-24,Anything to threaten or harm anyone,A no further action disposal,862
Black,18-24,Anything to threaten or harm anyone,Arrest,62
Black,18-24,Anything to threaten or harm anyone,Community resolution,46
Black,18-24,Anything to threaten or harm anyone,Penalty Notice for Disorder,20
Black,18-24,Anything to threaten or harm anyone,Summons / charged by post,5
Black,18-24,Articles for use in criminal damage,A no further action disposal,44
Black,18-24,Articles for use in criminal damage,Arrest,11
Black,18-24,Articles for use in criminal damage,Community resolution,5
Black,18-24,Articles for use in criminal damage,Penalty Notice for Disorder,1
Black,18-24,Articles for use in criminal damage,Summons / charged by post,1
Black,18-24,Controlled drugs,A no further action disposal,20461
Black,18-24,Controlled drugs,Arrest,2757
Black,18-24,Controlled drugs,Caution (simple or conditional),11
Black,18-24,Controlled drugs,Community resolution,3365
Black,18-24,Controlled drugs,Penalty Notice for Disorder,1179
Black,18-24,Controlled drugs,Summons / charged by post,479
Black,18-24,Evidence of offences under the Act,A no further action disposal,640
Black,18-24,Evidence of offences under the Act,Arrest,102
Black,18-24,Evidence of offences under the Act,Community resolution,36
Black,18-24,Evidence of offences under the Act,Penalty Notice for Disorder,19
Black,18-24,Evidence of offences under the Act,Summons / charged by post,5
Black,18-24,Firearms,A no further action disposal,183
Black,18-24,Firearms,Arrest,41
Black,18-24,Firearms,Community resolution,4
Black,18-24,Firearms,Penalty Notice for Disorder,1
Black,18-24,Fireworks,A no further action disposal,56
Black,18-24,Fireworks,Arrest,4
Black,18-24,Fireworks,Community resolution,4
Black,18-24,Fireworks,Penalty Notice for Disorder,4
Black,18-24,Fireworks,Summons / charged by post,2
Black,18-24,Offensive weapons,A no further action disposal,7209
Black,18-24,Offensive weapons,Arrest,1141
Black,18-24,Offensive weapons,Community resolution,232
Black,18-24,Offensive weapons,Penalty Notice for Disorder,176
Black,18-24,Offensive weapons,Summons / charged by post,69
Black,18-24,Stolen goods,A no further action disposal,1881
Black,18-24,Stolen goods,Arrest,418
Black,18-24,Stolen goods,Community resolution,107
Black,18-24,Stolen goods,Penalty Notice for Disorder,59
Black,18-24,Stolen goods,Summons / charged by post,32
Black,25-34,Anything to threaten or harm anyone,A no further action disposal,407
Black,25-34,Anything to threaten or harm anyone,Arrest,25
Black,25-34,Anything to threaten or harm anyone,Community resolution,34
Black,25-34,Anything to threaten or harm anyone,Penalty Notice for Disorder,10
Black,25-34,Anything to threaten or harm anyone,Summons / charged by post,10
Black,25-34,Articles for use in criminal damage,A no further action disposal,17
Black,25-34,Articles for use in criminal damage,Arrest,5
Black,25-34,Articles for use in criminal damage,Community resolution,5
Black,25-34,Articles for use in criminal damage,Penalty Notice for Disorder,1
Black,25-34,Controlled drugs,A no further action disposal,11339
Black,25-34,Controlled drugs,Arrest,2050
Black,25-34,Controlled drugs,Caution (simple or conditional),9
Black,25-34,Controlled drugs,Community resolution,2072
Black,25-34,Controlled drugs,Penalty Notice for Disorder,728
Black,25-34,Controlled drugs,Summons / charged by post,347
Black,25-34,Evidence of offences under the Act,A no further action disposal,430
Black,25-34,Evidence of offences under the Act,Arrest,96
Black,25-34,Evidence of offences under the Act,Community resolution,19
Black,25-34,Evidence of offences under the Act,Penalty Notice for Disorder,12
Black,25-34,Evidence of offences under the Act,Summons / charged by post,4
Black,25-34,Firearms,A no further action disposal,95
Black,25-34,Firearms,Arrest,52
Black,25-34,Firearms,Community resolution,5
Black,25-34,Firearms,Penalty Notice for Disorder,3
Black,25-34,Fireworks,A no further action disposal,10
Black,25-34,Fireworks,Arrest,2
Black,25-34,Fireworks,Community resolution,1
Black,25-34,Fireworks,Penalty Notice for Disorder,1
Black,25-34,Offensive weapons,A no further action disposal,2724
Black,25-34,Offensive weapons,Arrest,600
Black,25-34,Offensive weapons,Community resolution,106
Black,25-34,Offensive weapons,Penalty Notice for Disorder,69
Black,25-34,Offensive weapons,Summons / charged by post,34
Black,25-34,Stolen goods,A no further action disposal,1039
Black,25-34,Stolen goods,Arrest,360
Black,25-34,Stolen goods,Community resolution,66
Black,25-34,Stolen goods,Penalty Notice for Disorder,46
Black,25-34,Stolen goods,Summons / charged by post,22
Black,over 34,Anything to threaten or harm anyone,A no further action disposal,151
Black,over 34,Anything to threaten or harm anyone,Arrest,17
Black,over 34,Anything to threaten or harm anyone,Community resolution,9
Black,over 34,Anything to threaten or harm anyone,Penalty Notice for Disorder,4
Black,over 34,Articles for use in criminal damage,A no further action disposal,29
Black,over 34,Articles for use in criminal damage,Arrest,12
Black,over 34,Articles for use in criminal damage,Community resolution,2
Black,over 34,Controlled drugs,A no further action disposal,7389
Black,over 34,Controlled drugs,Arrest,1411
Black,over 34,Controlled drugs,Caution (simple or conditional),5
Black,over 34,Controlled drugs,Community resolution,953
Black,over 34,Controlled drugs,Penalty Notice for Disorder,270
Black,over 34,Controlled drugs,Summons / charged by post,125
Black,over 34,Evidence of offences under the Act,A no further action disposal,613
Black,over 34,Evidence of offences under the Act,Arrest,218
Black,over 34,Evidence of offences under the Act,Community resolution,10
Black,over 34,Evidence of offences under the Act,Penalty Notice for Disorder,5
Black,over 34,Evidence of offences under the Act,Summons / charged by post,5
Black,over 34,Firearms,A no further action disposal,77
Black,over 34,Firearms,Arrest,10
Black,over 34,Firearms,Community resolution,1
Black,over 34,Firearms,Penalty Notice for Disorder,1
Black,over 34,Fireworks,A no further action disposal,6
Black,over 34,Fireworks,Arrest,2
Black,over 34,Fireworks,Community resolution,1
Black,over 34,Offensive weapons,A no further action disposal,1130
Black,over 34,Offensive weapons,Arrest,456
Black,over 34,Offensive weapons,Community resolution,41
Black,over 34,Offensive weapons,Penalty Notice for Disorder,15
Black,over 34,Offensive weapons,Summons / charged by post,7
Black,over 34,Stolen goods,A no further action disposal,1178
Black,over 34,Stolen goods,Arrest,500
Black,over 34,Stolen goods,Caution (simple or conditional),2
Black,over 34,Stolen goods,Community resolution,86
Black,over 34,Stolen goods,Penalty Notice for Disorder,22
Black,over 34,Stolen goods,Summons / charged by post,27
Black,under 10,Anything to threaten or harm anyone,A no further action disposal,1
Black,under 10,Controlled drugs,A no further action disposal,7
Black,under 10,Controlled drugs,Arrest,1
Black,under 10,Controlled drugs,Community resolution,1
Black,under 10,Controlled drugs,Penalty Notice for Disorder,1
Black,under 10,Evidence of offences under the Act,A no further action disposal,1
Black,under 10,Evidence of offences under the Act,Arrest,1
Black,under 10,Offensive weapons,A no further action disposal,4
Black,under 10,Stolen goods,A no further action disposal,1
Other,10-17,Anything to threaten or harm anyone,A no further action disposal,66
Other,10-17,Anything to threaten or harm anyone,Arrest,2
Other,10-17,Articles for use in criminal damage,A no further action disposal,9
Other,10-17,Articles for use in criminal damage,Arrest,1
Other,10-17,Articles for use in criminal damage,Community resolution,1
Other,10-17,Controlled drugs,A no further action disposal,953
Other,10-17,Controlled drugs,Arrest,93
Other,10-17,Controlled drugs,Caution (simple or conditional),3
Other,10-17,Controlled drugs,Community resolution,36
Other,10-17,Controlled drugs,Penalty Notice for Disorder,2
Other,10-17,Controlled drugs,Summons / charged by post,18
Other,10-17,Evidence of offences under the Act,A no further action disposal,75
Other,10-17,Evidence of offences under the Act,Arrest,7
Other,10-17,Firearms,A no further action disposal,5
Other,10-17,Fireworks,A no further action disposal,55
Other,10-17,Fireworks,Arrest,1
Other,10-17,Fireworks,Community resolution,2
Other,10-17,Offensive weapons,A no further action disposal,472
Other,10-17,Offensive weapons,Arrest,52
Other,10-17,Offensive weapons,Community resolution,5
Other,10-17,Offensive weapons,Penalty Notice for Disorder,3
Other,10-17,Offensive weapons,Summons / charged by post,5
Other,10-17,Stolen goods,A no further action disposal,251
Other,10-17,Stolen goods,Arrest,32
Other,10-17,Stolen goods,Community resolution,10
Other,10-17,Stolen goods,Penalty Notice for Disorder,1
Other,10-17,Stolen goods,Summons / charged by post,1
Other,18-24,Anything to threaten or harm anyone,A no further action disposal,153
Other,18-24,Anything to threaten or harm anyone,Arrest,8
Other,18-24,Anything to threaten or harm anyone,Community resolution,8
Other,18-24,Anything to threaten or harm anyone,Penalty Notice for Disorder,4
Other,18-24,Articles for use in criminal damage,A no further action disposal,7
Other,18-24,Articles for use in criminal damage,Arrest,2
Other,18-24,Controlled drugs,A no further action disposal,3272
Other,18-24,Controlled drugs,Arrest,309
Other,18-24,Controlled drugs,Caution (simple or conditional),1
Other,18-24,Controlled drugs,Community resolution,538
Other,18-24,Controlled drugs,Penalty Notice for Disorder,175
Other,18-24,Controlled drugs,Summons / charged by post,62
Other,18-24,Evidence of offences under the Act,A no further action disposal,122
Other,18-24,Evidence of offences under the Act,Arrest,16
Other,18-24,Evidence of offences under the Act,Community resolution,7
Other,18-24,Evidence of offences under the Act,Penalty Notice for Disorder,1
Other,18-24,Firearms,A no further action disposal,17
Other,18-24,Firearms,Arrest,6
Other,18-24,Firearms,Community resolution,1
Other,18-24,Fireworks,A no further action disposal,28
Other,18-24,Fireworks,Community resolution,1
Other,18-24,Offensive weapons,A no further action disposal,813
Other,18-24,Offensive weapons,Arrest,107
Other,18-24,Offensive weapons,Community resolution,35
Other,18-24,Offensive weapons,Penalty Notice for Disorder,20
Other,18-24,Offensive weapons,Summons / charged by post,9
Other,18-24,Stolen goods,A no further action disposal,359
Other,18-24,Stolen goods,Arrest,92
Other,18-24,Stolen goods,Community resolution,17
Other,18-24,Stolen goods,Penalty Notice for Disorder,12
Other,18-24,Stolen goods,Summons / charged by post,5
Other,25-34,Anything to threaten or harm anyone,A no further action disposal,54
Other,25-34,Anything to threaten or harm anyone,Arrest,4
Other,25-34,Anything to threaten or harm anyone,Community resolution,2
Other,25-34,Articles for use in criminal damage,A no further action disposal,6
Other,25-34,Articles for use in criminal damage,Arrest,1
Other,25-34,Controlled drugs,A no further action disposal,1564
Other,25-34,Controlled drugs,Arrest,232
Other,25-34,Controlled drugs,Caution (simple or conditional),1
Other,25-34,Controlled drugs,Community resolution,300
Other,25-34,Controlled drugs,Penalty Notice for Disorder,98
Other,25-34,Controlled drugs,Summons / charged by post,38
Other,25-34,Evidence of offences under the Act,A no further action disposal,102
Other,25-34,Evidence of offences under the Act,Arrest,21
Other,25-34,Evidence of offences under the Act,Community resolution,7
Other,25-34,Evidence of offences under the Act,Penalty Notice for Disorder,1
Other,25-34,Evidence of offences under the Act,Summons / charged by post,1
Other,25-34,Firearms,A no further action disposal,11
Other,25-34,Firearms,Arrest,2
Other,25-34,Firearms,Penalty Notice for Disorder,1
Other,25-34,Fireworks,A no further action disposal,5
Other,25-34,Fireworks,Arrest,1
Other,25-34,Offensive weapons,A no further action disposal,291
Other,25-34,Offensive weapons,Arrest,53
Other,25-34,Offensive weapons,Community resolution,22
Other,25-34,Offensive weapons,Penalty Notice for Disorder,6
Other,25-34,Offensive weapons,Summons / charged by post,1
Other,25-34,Stolen goods,A no further action disposal,271
Other,25-34,Stolen goods,Arrest,91
Other,25-34,Stolen goods,Community resolution,12
Other,25-34,Stolen goods,Penalty Notice for Disorder,5
Other,25-34,Stolen goods,Summons / charged by post,5
Other,over 34,Anything to threaten or harm anyone,A no further action disposal,17
Other,over 34,Articles for use in criminal damage,A no further action disposal,2
Other,over 34,Articles for use in criminal damage,Arrest,1
Other,over 34,Controlled drugs,A no further action disposal,684
Other,over 34,Controlled drugs,Arrest,105
Other,over 34,Controlled drugs,Community resolution,100
Other,over 34,Controlled drugs,Penalty Notice for Disorder,22
Other,over 34,Controlled drugs,Summons / charged by post,8
Other,over 34,Evidence of offences under the Act,A no further action disposal,88
Other,over 34,Evidence of offences under the Act,Arrest,23
Other,over 34,Evidence of offences under the Act,Community resolution,2
Other,over 34,Firearms,A no further action disposal,5
Other,over 34,Firearms,Arrest,3
Other,over 34,Firearms,Penalty Notice for Disorder,2
Other,over 34,Offensive weapons,A no further action disposal,122
Other,over 34,Offensive weapons,Arrest,42
Other,over 34,Offensive weapons,Community resolution,5
Other,over 34,Offensive weapons,Penalty Notice for Disorder,1
Other,over 34,Offensive weapons,Summons / charged by post,1
Other,over 34,Stolen goods,A no further action disposal,175
Other,over 34,Stolen goods,Arrest,56
Other,over 34,Stolen goods,Caution (simple or conditional),1
Other,over 34,Stolen goods,Community resolution,8
Other,over 34,Stolen goods,Penalty Notice for Disorder,3
Other,over 34,Stolen goods,Summons / charged by post,1
Other,under 10,Controlled drugs,A no further action disposal,4
Other,under 10,Controlled drugs,Community resolution,2
Other,under 10,Evidence of offences under the Act,A no further action disposal,1
Other,under 10,Offensive weapons,A no further action disposal,1
Other,under 10,Stolen goods,A no further action disposal,1
White,10-17,Anything to threaten or harm anyone,A no further action disposal,366
White,10-17,Anything to threaten or harm anyone,Arrest,13
White,10-17,Anything to threaten or harm anyone,Caution (simple or conditional),1
White,10-17,Anything to threaten or harm anyone,Community resolution,3
White,10-17,Anything to threaten or harm anyone,Penalty Notice for Disorder,1
White,10-17,Anything to threaten or harm anyone,Summons / charged by post,6
White,10-17,Articles for use in criminal damage,A no further action disposal,261
White,10-17,Articles for use in criminal damage,Arrest,21
White,10-17,Articles for use in criminal damage,Community resolution,8
White,10-17,Articles for use in criminal damage,Summons / charged by post,1
White,10-17,Controlled drugs,A no further action disposal,8161
White,10-17,Controlled drugs,Arrest,759
White,10-17,Controlled drugs,Caution (simple or conditional),43
White,10-17,Controlled drugs,Community resolution,377
White,10-17,Controlled drugs,Penalty Notice for Disorder,23
White,10-17,Controlled drugs,Summons / charged by post,270
White,10-17,Evidence of offences under the Act,A no further action disposal,1211
White,10-17,Evidence of offences under the Act,Arrest,177
White,10-17,Evidence of offences under the Act,Community resolution,16
White,10-17,Evidence of offences under the Act,Penalty Notice for Disorder,4
White,10-17,Evidence of offences under the Act,Summons / charged by post,9
White,10-17,Firearms,A no further action disposal,38
White,10-17,Firearms,Arrest,8
White,10-17,Firearms,Community resolution,1
White,10-17,Fireworks,A no further action disposal,228
White,10-17,Fireworks,Arrest,5
White,10-17,Fireworks,Community resolution,10
White,10-17,Fireworks,Penalty Notice for Disorder,1
White,10-17,Fireworks,Summons / charged by post,2
White,10-17,Offensive weapons,A no further action disposal,3357
White,10-17,Offensive weapons,Arrest,407
White,10-17,Offensive weapons,Caution (simple or conditional),2
White,10-17,Offensive weapons,Community resolution,28
White,10-17,Offensive weapons,Penalty Notice for Disorder,7
White,10-17,Offensive weapons,Summons / charged by post,26
White,10-17,Stolen goods,A no further action disposal,2651
White,10-17,Stolen goods,Arrest,427
White,10-17,Stolen goods,Caution (simple or conditional),2
White,10-17,Stolen goods,Community resolution,59
White,10-17,Stolen goods,Penalty Notice for Disorder,14
White,10-17,Stolen goods,Summons / charged by post,23
White,18-24,Anything to threaten or harm anyone,A no further action disposal,584
White,18-24,Anything to threaten or harm anyone,Arrest,21
White,18-24,Anything to threaten or harm anyone,Community resolution,38
White,18-24,Anything to threaten or harm anyone,Penalty Notice for Disorder,12
White,18-24,Anything to threaten or harm anyone,Summons / charged by post,4
White,18-24,Articles for use in criminal damage,A no further action disposal,106
White,18-24,Articles for use in criminal damage,Arrest,34
White,18-24,Articles for use in criminal damage,Community resolution,11
White,18-24,Articles for use in criminal damage,Penalty Notice for Disorder,7
White,18-24,Articles for use in criminal damage,Summons / charged by post,5
White,18-24,Controlled drugs,A no further action disposal,18144
White,18-24,Controlled drugs,Arrest,1941
White,18-24,Controlled drugs,Caution (simple or conditional),25
White,18-24,Controlled drugs,Community resolution,4514
White,18-24,Controlled drugs,Penalty Notice for Disorder,1015
White,18-24,Controlled drugs,Summons / charged by post,310
White,18-24,Evidence of offences under the Act,A no further action disposal,1392
White,18-24,Evidence of offences under the Act,Arrest,231
White,18-24,Evidence of offences under the Act,Community resolution,71
White,18-24,Evidence of offences under the Act,Penalty Notice for Disorder,30
White,18-24,Evidence of offences under the Act,Summons / charged by post,12
White,18-24,Firearms,A no further action disposal,64
White,18-24,Firearms,Arrest,26
White,18-24,Firearms,Penalty Notice for Disorder,2
White,18-24,Firearms,Summons / charged by post,1
White,18-24,Fireworks,A no further action disposal,69
White,18-24,Fireworks,Arrest,1
White,18-24,Fireworks,Community resolution,6
White,18-24,Fireworks,Penalty Notice for Disorder,3
White,18-24,Fireworks,Summons / charged by post,1
White,18-24,Offensive weapons,A no further action disposal,3175
White,18-24,Offensive weapons,Arrest,495
White,18-24,Offensive weapons,Community resolution,148
White,18-24,Offensive weapons,Penalty Notice for Disorder,78
White,18-24,Offensive weapons,Summons / charged by post,17
White,18-24,Stolen goods,A no further action disposal,2845
White,18-24,Stolen goods,Arrest,551
White,18-24,Stolen goods,Caution (simple or conditional),1
White,18-24,Stolen goods,Community resolution,183
White,18-24,Stolen goods,Penalty Notice for Disorder,96
White,18-24,Stolen goods,Summons / charged by post,41
White,25-34,Anything to threaten or harm anyone,A no further action disposal,341
White,25-34,Anything to threaten or harm anyone,Arrest,26
White,25-34,Anything to threaten or harm anyone,Community resolution,12
White,25-34,Anything to threaten or harm anyone,Penalty Notice for Disorder,3
White,25-34,Anything to threaten or harm anyone,Summons / charged by post,1
White,25-34,Articles for use in criminal damage,A no further action disposal,85
White,25-34,Articles for use in criminal damage,Arrest,41
White,25-34,Articles for use in criminal damage,Community resolution,6
White,25-34,Articles for use in criminal damage,Penalty Notice for Disorder,3
White,25-34,Articles for use in criminal damage,Summons / charged by post,2
White,25-34,Controlled drugs,A no further action disposal,13679
White,25-34,Controlled drugs,Arrest,2383
White,25-34,Controlled drugs,Caution (simple or conditional),8
White,25-34,Controlled drugs,Community resolution,2686
White,25-34,Controlled drugs,Penalty Notice for Disorder,694
White,25-34,Controlled drugs,Summons / charged by post,277
White,25-34,Evidence of offences under the Act,A no further action disposal,1582
White,25-34,Evidence of offences under the Act,Arrest,384
White,25-34,Evidence of offences under the Act,Caution (simple or conditional),1
White,25-34,Evidence of offences under the Act,Community resolution,53
White,25-34,Evidence of offences under the Act,Penalty Notice for Disorder,21
White,25-34,Evidence of offences under the Act,Summons / charged by post,12
White,25-34,Firearms,A no further action disposal,101
White,25-34,Firearms,Arrest,29
White,25-34,Firearms,Community resolution,6
White,25-34,Firearms,Penalty Notice for Disorder,9
White,25-34,Firearms,Summons / charged by post,2
White,25-34,Fireworks,A no further action disposal,17
White,25-34,Fireworks,Arrest,5
White,25-34,Fireworks,Community resolution,1
White,25-34,Fireworks,Penalty Notice for Disorder,1
White,25-34,Fireworks,Summons / charged by post,1
White,25-34,Offensive weapons,A no further action disposal,2034
White,25-34,Offensive weapons,Arrest,541
White,25-34,Offensive weapons,Caution (simple or conditional),2
White,25-34,Offensive weapons,Community resolution,51
White,25-34,Offensive weapons,Penalty Notice for Disorder,37
White,25-34,Offensive weapons,Summons / charged by post,17
White,25-34,Stolen goods,A no further action disposal,3161
White,25-34,Stolen goods,Arrest,913
White,25-34,Stolen goods,Caution (simple or conditional),2
White,25-34,Stolen goods,Community resolution,169
White,25-34,Stolen goods,Penalty Notice for Disorder,97
White,25-34,Stolen goods,Summons / charged by post,55
White,over 34,Anything to threaten or harm anyone,A no further action disposal,190
White,over 34,Anything to threaten or harm anyone,Arrest,18
White,over 34,Anything to threaten or harm anyone,Community resolution,3
White,over 34,Anything to threaten or harm anyone,Penalty Notice for Disorder,4
White,over 34,Anything to threaten or harm anyone,Summons / charged by post,2
White,over 34,Articles for use in criminal damage,A no further action disposal,91
White,over 34,Articles for use in criminal damage,Arrest,51
White,over 34,Articles for use in criminal damage,Community resolution,6
White,over 34,Articles for use in criminal damage,Penalty Notice for Disorder,2
White,over 34,Articles for use in criminal damage,Summons / charged by post,2
White,over 34,Controlled drugs,A no further action disposal,13100
White,over 34,Controlled drugs,Arrest,1980
White,over 34,Controlled drugs,Caution (simple or conditional),7
White,over 34,Controlled drugs,Community resolution,1228
White,over 34,Controlled drugs,Penalty Notice for Disorder,259
White,over 34,Controlled drugs,Summons / charged by post,142
White,over 34,Evidence of offences under the Act,A no further action disposal,2028
White,over 34,Evidence of offences under the Act,Arrest,520
White,over 34,Evidence of offences under the Act,Community resolution,38
White,over 34,Evidence of offences under the Act,Penalty Notice for Disorder,16
White,over 34,Evidence of offences under the Act,Summons / charged by post,10
White,over 34,Firearms,A no further action disposal,82
White,over 34,Firearms,Arrest,31
White,over 34,Firearms,Community resolution,1
White,over 34,Firearms,Penalty Notice for Disorder,3
White,over 34,Fireworks,A no further action disposal,13
White,over 34,Fireworks,Arrest,2
White,over 34,Fireworks,Community resolution,3
White,over 34,Fireworks,Summons / charged by post,1
White,over 34,Offensive weapons,A no further action disposal,1700
White,over 34,Offensive weapons,Arrest,604
White,over 34,Offensive weapons,Community resolution,36
White,over 34,Offensive weapons,Penalty Notice for Disorder,12
White,over 34,Offensive weapons,Summons / charged by post,10
White,over 34,Stolen goods,A no further action disposal,3735
White,over 34,Stolen goods,Arrest,1101
White,over 34,Stolen goods,Community resolution,260
White,over 34,Stolen goods,Penalty Notice for Disorder,75
White,over 34,Stolen goods,Summons / charged by post,69
White,under 10,Controlled drugs,A no further action disposal,6
White,under 10,Controlled drugs,Arrest,2
White,under 10,Controlled drugs,Community resolution,1
White,under 10,Controlled drugs,Penalty Notice for Disorder,2
White,under 10,Evidence of offences under the Act,A no further action disposal,1
White,under 10,Offensive weapons,A no further action disposal,5
White,under 10,Stolen goods,A no further action disposal,6
White,under 10,Stolen goods,Arrest,3
